timestamp,open,high,low,close,volume
2026-05-01 00:00:00,76346.58000000,76591.00000000,76320.42000000,76458.05000000,502.88844000
2026-05-01 01:00:00,76458.06000000,76776.21000000,76449.50000000,76686.13000000,486.84554000
2026-05-01 02:00:00,76686.12000000,76744.60000000,76533.74000000,76592.54000000,204.45438000
2026-05-01 03:00:00,76592.54000000,77453.74000000,76555.06000000,77131.08000000,1056.19913000
2026-05-01 04:00:00,77131.08000000,77206.38000000,76653.60000000,77042.44000000,995.75921000
2026-05-01 05:00:00,77042.44000000,77184.96000000,77033.91000000,77165.98000000,283.75111000
2026-05-01 06:00:00,77165.99000000,77179.53000000,76882.00000000,76993.48000000,439.15205000
2026-05-01 07:00:00,76993.49000000,77140.36000000,76957.04000000,77130.54000000,633.73250000
2026-05-01 08:00:00,77130.54000000,77500.00000000,77048.00000000,77377.47000000,697.73561000
2026-05-01 09:00:00,77377.48000000,77391.99000000,77200.15000000,77268.55000000,355.16559000
2026-05-01 10:00:00,77268.56000000,77433.72000000,77146.48000000,77304.34000000,330.99244000
2026-05-01 11:00:00,77303.80000000,77600.00000000,77263.66000000,77463.98000000,584.37960000
2026-05-01 12:00:00,77463.98000000,78170.20000000,77408.73000000,77896.01000000,1392.97654000
2026-05-01 13:00:00,77896.01000000,78914.12000000,77896.00000000,78737.25000000,2354.33999000
2026-05-01 14:00:00,78737.26000000,78871.80000000,78051.86000000,78358.75000000,1970.70152000
2026-05-01 15:00:00,78358.74000000,78735.92000000,78176.06000000,78445.89000000,1013.17746000
2026-05-01 16:00:00,78445.88000000,78683.23000000,78167.53000000,78214.36000000,704.68666000
2026-05-01 17:00:00,78214.36000000,78584.61000000,78131.02000000,78552.94000000,489.31938000
2026-05-01 18:00:00,78552.93000000,78623.37000000,78375.53000000,78423.90000000,487.76487000
2026-05-01 19:00:00,78423.91000000,78540.00000000,78313.16000000,78360.00000000,512.65483000
2026-05-01 20:00:00,78360.01000000,78422.81000000,77752.00000000,77880.18000000,827.52759000
2026-05-01 21:00:00,77880.18000000,78200.00000000,77857.97000000,78199.99000000,485.72824000
2026-05-01 22:00:00,78200.00000000,78411.13000000,78144.70000000,78153.38000000,331.97786000
2026-05-01 23:00:00,78153.37000000,78249.60000000,78043.28000000,78231.13000000,173.55448000
2026-05-02 00:00:00,78231.13000000,78393.39000000,78166.48000000,78341.75000000,211.29374000
2026-05-02 01:00:00,78341.75000000,78441.31000000,78294.19000000,78355.00000000,400.98852000
2026-05-02 02:00:00,78355.00000000,78513.70000000,78260.95000000,78353.93000000,283.69022000
2026-05-02 03:00:00,78353.93000000,78514.82000000,78237.25000000,78400.00000000,300.16391000
2026-05-02 04:00:00,78399.99000000,78448.99000000,78123.53000000,78175.50000000,411.85061000
2026-05-02 05:00:00,78175.50000000,78235.25000000,78040.00000000,78174.00000000,526.60294000
2026-05-02 06:00:00,78174.00000000,78363.21000000,78148.24000000,78327.80000000,366.56450000
2026-05-02 07:00:00,78327.80000000,78342.18000000,78207.20000000,78220.00000000,170.02066000
2026-05-02 08:00:00,78220.00000000,78356.51000000,78165.30000000,78315.37000000,204.83037000
2026-05-02 09:00:00,78315.36000000,78394.00000000,78220.00000000,78293.57000000,257.64077000
2026-05-02 10:00:00,78293.57000000,78311.97000000,78225.22000000,78249.30000000,136.41815000
2026-05-02 11:00:00,78249.31000000,78249.31000000,78094.43000000,78143.08000000,269.24301000
2026-05-02 12:00:00,78143.09000000,78262.37000000,78108.41000000,78211.24000000,182.77682000
2026-05-02 13:00:00,78211.24000000,78423.85000000,78211.24000000,78367.06000000,227.00487000
2026-05-02 14:00:00,78367.06000000,78484.42000000,78309.84000000,78423.98000000,190.15931000
2026-05-02 15:00:00,78423.98000000,78487.68000000,78365.96000000,78487.67000000,126.14054000
2026-05-02 16:00:00,78487.67000000,78596.61000000,78430.07000000,78455.02000000,194.42514000
2026-05-02 17:00:00,78455.02000000,78485.53000000,78368.24000000,78398.02000000,213.39843000
2026-05-02 18:00:00,78398.03000000,78493.31000000,78310.54000000,78466.62000000,118.15969000
2026-05-02 19:00:00,78466.63000000,78521.68000000,78440.11000000,78486.00000000,182.05466000
2026-05-02 20:00:00,78486.23000000,78491.26000000,78418.32000000,78451.38000000,61.92886000
2026-05-02 21:00:00,78451.37000000,79199.48000000,78439.51000000,78719.78000000,734.53837000
2026-05-02 22:00:00,78719.78000000,78872.39000000,78610.46000000,78832.98000000,266.49012000
2026-05-02 23:00:00,78832.98000000,78832.98000000,78631.90000000,78686.85000000,114.49221000
2026-05-03 00:00:00,78686.84000000,78754.55000000,78490.61000000,78542.32000000,233.96416000
2026-05-03 01:00:00,78542.33000000,78542.33000000,78152.25000000,78240.83000000,391.01401000
2026-05-03 02:00:00,78240.84000000,78309.09000000,78108.75000000,78171.85000000,222.42918000
2026-05-03 03:00:00,78171.86000000,78217.59000000,78109.94000000,78203.08000000,200.35590000
2026-05-03 04:00:00,78203.07000000,78236.45000000,78120.00000000,78163.19000000,89.71363000
2026-05-03 05:00:00,78163.19000000,78260.75000000,78163.17000000,78249.42000000,98.09285000
2026-05-03 06:00:00,78249.41000000,78337.26000000,78084.08000000,78288.30000000,306.94233000
2026-05-03 07:00:00,78288.30000000,78483.67000000,78288.29000000,78363.25000000,299.42086000
2026-05-03 08:00:00,78363.24000000,78505.92000000,78363.24000000,78387.86000000,102.01693000
2026-05-03 09:00:00,78387.87000000,78604.67000000,78354.53000000,78529.57000000,293.13210000
2026-05-03 10:00:00,78529.57000000,78534.40000000,78406.97000000,78408.01000000,140.79481000
2026-05-03 11:00:00,78408.01000000,78849.22000000,78380.00000000,78656.01000000,412.83130000
2026-05-03 12:00:00,78656.01000000,78878.77000000,78656.00000000,78747.09000000,294.28187000
2026-05-03 13:00:00,78747.09000000,78769.63000000,78586.99000000,78670.01000000,196.40341000
2026-05-03 14:00:00,78670.01000000,78786.57000000,78608.70000000,78741.00000000,409.96615000
2026-05-03 15:00:00,78741.00000000,78815.19000000,78633.40000000,78668.36000000,237.20487000
2026-05-03 16:00:00,78668.36000000,78784.56000000,78600.00000000,78654.00000000,167.53902000
2026-05-03 17:00:00,78654.01000000,78822.83000000,78558.65000000,78725.76000000,357.92550000
2026-05-03 18:00:00,78725.76000000,78763.57000000,78631.61000000,78739.67000000,138.18974000
2026-05-03 19:00:00,78739.68000000,78853.32000000,78676.67000000,78760.32000000,252.60944000
2026-05-03 20:00:00,78760.32000000,79268.00000000,78732.04000000,78915.99000000,645.79790000
2026-05-03 21:00:00,78915.99000000,79056.59000000,78650.00000000,78831.59000000,357.48617000
2026-05-03 22:00:00,78831.60000000,79447.00000000,78831.60000000,79177.29000000,934.95879000
2026-05-03 23:00:00,79177.29000000,79287.82000000,78484.42000000,78568.57000000,642.72198000
2026-05-04 00:00:00,78568.58000000,78572.57000000,78288.88000000,78547.14000000,434.86007000
2026-05-04 01:00:00,78547.15000000,79848.84000000,78412.49000000,79769.43000000,1366.42153000
2026-05-04 02:00:00,79769.43000000,80420.90000000,79540.05000000,80173.30000000,2278.14954000
2026-05-04 03:00:00,80173.30000000,80458.00000000,79926.90000000,80316.31000000,1012.18218000
2026-05-04 04:00:00,80316.30000000,80635.51000000,80233.04000000,80332.06000000,1362.02834000
2026-05-04 05:00:00,80332.06000000,80395.96000000,79956.25000000,80027.26000000,746.81318000
2026-05-04 06:00:00,80027.26000000,80048.64000000,79500.00000000,79877.90000000,1103.73906000
2026-05-04 07:00:00,79877.91000000,79946.33000000,79672.00000000,79696.75000000,419.83178000
2026-05-04 08:00:00,79696.75000000,79800.00000000,79602.32000000,79708.30000000,435.36516000
2026-05-04 09:00:00,79708.30000000,79930.00000000,79647.87000000,79838.48000000,473.40316000
2026-05-04 10:00:00,79838.49000000,79880.00000000,78202.00000000,78940.26000000,4380.72428000
2026-05-04 11:00:00,78940.27000000,79124.83000000,78708.87000000,78793.67000000,699.54546000
2026-05-04 12:00:00,78793.67000000,79020.00000000,78718.55000000,78857.18000000,426.01688000
2026-05-04 13:00:00,78857.18000000,79124.83000000,78581.74000000,78790.00000000,725.07004000
2026-05-04 14:00:00,78790.01000000,80545.17000000,78500.00000000,80216.16000000,2308.42012000
2026-05-04 15:00:00,80216.15000000,80367.93000000,79320.28000000,80028.85000000,2458.63305000
2026-05-04 16:00:00,80028.85000000,80395.68000000,79619.33000000,80025.03000000,1492.78417000
2026-05-04 17:00:00,80025.03000000,80776.99000000,80021.50000000,80390.81000000,1080.11249000
2026-05-04 18:00:00,80390.80000000,80439.18000000,80035.32000000,80114.91000000,663.99913000
2026-05-04 19:00:00,80114.91000000,80138.00000000,79900.00000000,80053.31000000,505.59924000
2026-05-04 20:00:00,80053.31000000,80154.12000000,79901.00000000,79936.70000000,459.51864000
2026-05-04 21:00:00,79936.70000000,80383.15000000,79936.70000000,80259.17000000,343.30642000
2026-05-04 22:00:00,80259.18000000,80397.19000000,80042.84000000,80067.23000000,272.35375000
2026-05-04 23:00:00,80067.22000000,80067.22000000,79744.91000000,79861.01000000,594.08368000
2026-05-05 00:00:00,79861.01000000,80183.33000000,79808.72000000,80170.66000000,425.73287000
2026-05-05 01:00:00,80170.66000000,80385.06000000,80080.76000000,80352.00000000,530.02962000
2026-05-05 02:00:00,80351.99000000,80900.00000000,80300.00000000,80554.68000000,768.44478000
2026-05-05 03:00:00,80554.69000000,81083.98000000,80457.93000000,80893.08000000,677.93372000
2026-05-05 04:00:00,80893.08000000,80982.59000000,80725.00000000,80902.44000000,528.94138000
2026-05-05 05:00:00,80902.44000000,81323.52000000,80830.06000000,80970.00000000,1011.38606000
2026-05-05 06:00:00,80969.99000000,81016.42000000,80800.00000000,80976.00000000,389.83367000
2026-05-05 07:00:00,80976.00000000,81136.59000000,80826.00000000,80855.59000000,1044.43230000
2026-05-05 08:00:00,80855.59000000,80895.50000000,80723.20000000,80815.24000000,474.45790000
2026-05-05 09:00:00,80815.24000000,80815.24000000,80527.76000000,80586.02000000,865.34761000
2026-05-05 10:00:00,80586.02000000,80831.87000000,80530.82000000,80823.61000000,521.10422000
2026-05-05 11:00:00,80823.61000000,81095.48000000,80780.00000000,81014.05000000,623.66253000
2026-05-05 12:00:00,81014.05000000,81329.61000000,80932.54000000,81279.41000000,607.82057000
2026-05-05 13:00:00,81279.40000000,81712.32000000,81196.00000000,81330.00000000,1771.41690000
2026-05-05 14:00:00,81330.00000000,81500.00000000,80939.87000000,81336.59000000,1282.91373000
2026-05-05 15:00:00,81336.59000000,81689.20000000,81235.00000000,81525.19000000,899.04049000
2026-05-05 16:00:00,81525.19000000,81615.33000000,81050.04000000,81285.75000000,707.45267000
2026-05-05 17:00:00,81285.75000000,81458.26000000,81185.02000000,81270.60000000,280.80669000
2026-05-05 18:00:00,81270.61000000,81599.00000000,81270.61000000,81515.00000000,427.56223000
2026-05-05 19:00:00,81515.00000000,81680.00000000,81407.58000000,81606.35000000,364.63717000
2026-05-05 20:00:00,81606.35000000,81770.00000000,81510.13000000,81646.38000000,724.67261000
2026-05-05 21:00:00,81646.39000000,81791.48000000,81305.27000000,81407.11000000,618.58873000
2026-05-05 22:00:00,81407.11000000,81600.00000000,80817.72000000,81111.27000000,921.88572000
2026-05-05 23:00:00,81111.27000000,81222.03000000,80790.00000000,80905.52000000,479.07578000
2026-05-06 00:00:00,80905.53000000,81262.28000000,80731.14000000,81030.01000000,876.19915000
2026-05-06 01:00:00,81030.00000000,81534.23000000,80996.00000000,81439.34000000,803.82574000
2026-05-06 02:00:00,81439.34000000,81449.04000000,81047.01000000,81363.54000000,621.19491000
2026-05-06 03:00:00,81363.54000000,81760.84000000,81358.17000000,81581.69000000,710.52364000
2026-05-06 04:00:00,81581.70000000,81649.99000000,81270.00000000,81331.10000000,575.64130000
2026-05-06 05:00:00,81331.10000000,81360.30000000,81060.00000000,81333.00000000,592.18650000
2026-05-06 06:00:00,81333.00000000,81516.90000000,81211.34000000,81476.71000000,524.13540000
2026-05-06 07:00:00,81476.71000000,81611.00000000,81307.81000000,81359.82000000,608.74333000
2026-05-06 08:00:00,81359.82000000,81986.00000000,81328.68000000,81945.66000000,1353.41416000
2026-05-06 09:00:00,81945.66000000,82060.00000000,81682.70000000,81997.00000000,1096.73350000
2026-05-06 10:00:00,81997.00000000,82390.00000000,81953.25000000,82290.04000000,1302.85091000
2026-05-06 11:00:00,82290.03000000,82850.00000000,82261.60000000,82522.89000000,1435.93329000
2026-05-06 12:00:00,82522.88000000,82539.33000000,82164.61000000,82220.47000000,820.92810000
2026-05-06 13:00:00,82220.47000000,82220.47000000,81600.00000000,81670.89000000,1247.90169000
2026-05-06 14:00:00,81670.90000000,81980.72000000,81136.00000000,81526.73000000,1615.07708000
2026-05-06 15:00:00,81526.74000000,81823.00000000,81316.28000000,81704.25000000,824.75333000
2026-05-06 16:00:00,81704.25000000,81907.51000000,81431.16000000,81630.94000000,983.55485000
2026-05-06 17:00:00,81630.94000000,81709.32000000,81394.00000000,81452.63000000,417.39237000
2026-05-06 18:00:00,81452.63000000,81559.17000000,81271.06000000,81353.14000000,451.84587000
2026-05-06 19:00:00,81353.15000000,81522.41000000,81200.00000000,81464.87000000,517.12437000
2026-05-06 20:00:00,81464.86000000,81700.00000000,81302.35000000,81427.52000000,436.46876000
2026-05-06 21:00:00,81427.52000000,81618.77000000,81294.64000000,81539.16000000,310.38464000
2026-05-06 22:00:00,81539.16000000,81540.91000000,81240.00000000,81342.39000000,229.58883000
2026-05-06 23:00:00,81342.39000000,81447.30000000,81000.00000000,81447.01000000,442.37224000
2026-05-07 00:00:00,81447.01000000,81490.03000000,80980.00000000,81016.96000000,407.52958000
2026-05-07 01:00:00,81016.96000000,81284.67000000,80830.23000000,81167.80000000,565.39571000
2026-05-07 02:00:00,81167.79000000,81180.74000000,80883.54000000,81113.34000000,749.95215000
2026-05-07 03:00:00,81113.35000000,81113.35000000,80834.61000000,80834.91000000,345.29566000
2026-05-07 04:00:00,80834.92000000,80989.59000000,80725.09000000,80979.19000000,387.82747000
2026-05-07 05:00:00,80979.19000000,81172.27000000,80974.06000000,81088.00000000,355.34634000
2026-05-07 06:00:00,81088.00000000,81443.21000000,80874.41000000,81438.61000000,613.68575000
2026-05-07 07:00:00,81438.62000000,81708.32000000,81390.30000000,81518.58000000,681.98013000
2026-05-07 08:00:00,81518.57000000,81590.00000000,81194.74000000,81231.24000000,647.38206000
2026-05-07 09:00:00,81231.25000000,81231.25000000,80852.33000000,80929.00000000,659.04219000
2026-05-07 10:00:00,80929.00000000,80997.00000000,80572.40000000,80850.75000000,690.56353000
2026-05-07 11:00:00,80850.76000000,81041.15000000,80786.50000000,80866.65000000,367.10915000
2026-05-07 12:00:00,80866.65000000,81180.00000000,80846.87000000,81162.01000000,429.19223000
2026-05-07 13:00:00,81162.00000000,81162.01000000,80260.98000000,80503.68000000,1211.56578000
2026-05-07 14:00:00,80503.69000000,80685.70000000,80046.00000000,80171.38000000,1538.09475000
2026-05-07 15:00:00,80171.37000000,80271.42000000,79699.52000000,79890.63000000,1647.81030000
2026-05-07 16:00:00,79890.00000000,80020.00000000,79646.79000000,79801.08000000,1424.92395000
2026-05-07 17:00:00,79801.08000000,80135.17000000,79500.00000000,80094.52000000,919.74045000
2026-05-07 18:00:00,80094.52000000,80269.06000000,80004.40000000,80200.59000000,527.27769000
2026-05-07 19:00:00,80200.60000000,80224.00000000,79934.30000000,80146.11000000,443.20216000
2026-05-07 20:00:00,80146.77000000,80371.23000000,79859.51000000,79879.99000000,400.51449000
2026-05-07 21:00:00,79880.00000000,79934.92000000,79660.00000000,79735.01000000,401.75461000
2026-05-07 22:00:00,79735.00000000,79990.00000000,79582.95000000,79919.01000000,495.14556000
2026-05-07 23:00:00,79919.00000000,80068.03000000,79871.98000000,80006.00000000,244.47169000
2026-05-08 00:00:00,80006.00000000,80142.84000000,79729.72000000,79831.99000000,958.06006000
2026-05-08 01:00:00,79831.98000000,79900.11000000,79612.63000000,79740.01000000,539.33838000
2026-05-08 02:00:00,79740.01000000,79761.61000000,79316.99000000,79488.46000000,1066.54641000
2026-05-08 03:00:00,79488.47000000,79666.66000000,79181.48000000,79578.85000000,529.79179000
2026-05-08 04:00:00,79578.84000000,79748.00000000,79551.26000000,79655.23000000,317.73705000
2026-05-08 05:00:00,79655.22000000,79778.95000000,79600.00000000,79600.01000000,307.79364000
2026-05-08 06:00:00,79600.01000000,79654.00000000,79411.00000000,79525.76000000,792.09671000
2026-05-08 07:00:00,79525.77000000,79727.00000000,79248.58000000,79682.40000000,992.93778000
2026-05-08 08:00:00,79682.40000000,79987.27000000,79666.05000000,79886.01000000,628.59636000
2026-05-08 09:00:00,79886.00000000,80061.17000000,79794.88000000,79872.72000000,481.81051000
2026-05-08 10:00:00,79872.72000000,80278.92000000,79788.01000000,80212.56000000,650.80764000
2026-05-08 11:00:00,80212.55000000,80340.94000000,80127.54000000,80231.22000000,586.98252000
2026-05-08 12:00:00,80231.22000000,80500.00000000,79966.14000000,80025.82000000,831.54339000
2026-05-08 13:00:00,80025.81000000,80095.99000000,79549.54000000,79647.80000000,1091.58342000
2026-05-08 14:00:00,79647.81000000,80441.79000000,79647.80000000,80150.97000000,1005.37450000
2026-05-08 15:00:00,80150.97000000,80200.00000000,79625.00000000,80142.14000000,812.90032000
2026-05-08 16:00:00,80142.13000000,80182.18000000,79741.30000000,79802.34000000,665.76300000
2026-05-08 17:00:00,79802.35000000,80261.87000000,79738.75000000,80060.00000000,1502.98426000
2026-05-08 18:00:00,80060.00000000,80299.99000000,80059.99000000,80078.40000000,470.37331000
2026-05-08 19:00:00,80078.39000000,80181.66000000,79954.54000000,80179.94000000,408.77976000
2026-05-08 20:00:00,80180.00000000,80299.93000000,80089.76000000,80133.09000000,330.63666000
2026-05-08 21:00:00,80133.08000000,80264.00000000,80116.32000000,80263.99000000,269.62208000
2026-05-08 22:00:00,80264.00000000,80409.09000000,80238.42000000,80262.00000000,318.15524000
2026-05-08 23:00:00,80262.00000000,80299.27000000,80111.02000000,80193.17000000,441.09530000
2026-05-09 00:00:00,80193.18000000,80240.87000000,80129.85000000,80238.76000000,206.53644000
2026-05-09 01:00:00,80238.75000000,80446.58000000,80217.46000000,80327.75000000,266.81337000
2026-05-09 02:00:00,80327.75000000,80477.47000000,80327.75000000,80417.87000000,231.63268000
2026-05-09 03:00:00,80417.88000000,80550.67000000,80307.76000000,80383.95000000,388.12699000
2026-05-09 04:00:00,80383.96000000,80666.66000000,80373.55000000,80379.90000000,404.43634000
2026-05-09 05:00:00,80379.90000000,80480.49000000,80343.00000000,80379.49000000,360.73513000
2026-05-09 06:00:00,80379.50000000,80428.01000000,80201.60000000,80263.92000000,270.37474000
2026-05-09 07:00:00,80263.93000000,80309.05000000,80135.00000000,80228.89000000,445.94164000
2026-05-09 08:00:00,80228.88000000,80452.44000000,80220.00000000,80407.12000000,297.06841000
2026-05-09 09:00:00,80407.12000000,80415.83000000,80214.00000000,80242.53000000,211.41081000
2026-05-09 10:00:00,80242.54000000,80346.94000000,80166.26000000,80264.02000000,234.54075000
2026-05-09 11:00:00,80264.01000000,80366.07000000,80256.95000000,80345.46000000,266.71827000
2026-05-09 12:00:00,80345.47000000,80416.21000000,80274.03000000,80397.97000000,357.45715000
2026-05-09 13:00:00,80397.97000000,80422.00000000,80318.70000000,80391.18000000,341.73909000
2026-05-09 14:00:00,80391.18000000,80426.90000000,80254.71000000,80332.22000000,322.24573000
2026-05-09 15:00:00,80332.23000000,80600.00000000,80234.00000000,80527.92000000,418.47876000
2026-05-09 16:00:00,80527.92000000,80777.00000000,80487.40000000,80625.01000000,546.55445000
2026-05-09 17:00:00,80625.00000000,80928.56000000,80625.00000000,80812.70000000,430.13867000
2026-05-09 18:00:00,80812.69000000,81080.00000000,80787.39000000,80907.65000000,339.35386000
2026-05-09 19:00:00,80907.66000000,80958.00000000,80776.99000000,80938.53000000,217.80867000
2026-05-09 20:00:00,80938.53000000,80938.53000000,80744.98000000,80805.50000000,144.14004000
2026-05-09 21:00:00,80805.51000000,80896.00000000,80744.98000000,80780.83000000,149.85415000
2026-05-09 22:00:00,80780.83000000,80823.24000000,80670.01000000,80782.38000000,199.54802000
2026-05-09 23:00:00,80782.38000000,80850.00000000,80621.88000000,80678.40000000,496.76761000
2026-05-10 00:00:00,80678.41000000,80770.51000000,80610.64000000,80680.04000000,346.27712000
2026-05-10 01:00:00,80680.03000000,80690.73000000,80572.77000000,80685.56000000,410.62072000
2026-05-10 02:00:00,80685.55000000,80790.00000000,80611.00000000,80777.42000000,290.59888000
2026-05-10 03:00:00,80777.42000000,80887.15000000,80709.59000000,80775.00000000,284.77121000
2026-05-10 04:00:00,80774.99000000,80840.00000000,80722.78000000,80759.93000000,253.45188000
2026-05-10 05:00:00,80759.93000000,80816.52000000,80682.00000000,80700.77000000,372.73913000
2026-05-10 06:00:00,80700.76000000,80753.04000000,80658.97000000,80733.75000000,211.55020000
2026-05-10 07:00:00,80733.75000000,80827.14000000,80720.10000000,80736.03000000,400.67517000
2026-05-10 08:00:00,80736.03000000,80909.65000000,80715.33000000,80830.33000000,252.36808000
2026-05-10 09:00:00,80830.34000000,80913.80000000,80756.53000000,80807.96000000,237.31778000
2026-05-10 10:00:00,80807.95000000,80883.48000000,80691.00000000,80873.79000000,279.49023000
2026-05-10 11:00:00,80873.80000000,80975.40000000,80750.00000000,80821.21000000,339.53296000
2026-05-10 12:00:00,80821.21000000,80950.00000000,80784.20000000,80927.72000000,235.68491000
2026-05-10 13:00:00,80927.71000000,81000.01000000,80865.44000000,80971.67000000,254.25083000
2026-05-10 14:00:00,80971.66000000,80999.36000000,80816.22000000,80990.11000000,372.45860000
2026-05-10 15:00:00,80990.11000000,81442.81000000,80936.00000000,81418.01000000,780.28503000
2026-05-10 16:00:00,81418.01000000,81500.00000000,81200.00000000,81378.25000000,595.22707000
2026-05-10 17:00:00,81378.25000000,81583.11000000,81220.00000000,81476.18000000,599.74468000
2026-05-10 18:00:00,81476.18000000,81493.11000000,81231.14000000,81271.96000000,268.90805000
2026-05-10 19:00:00,81271.96000000,81481.92000000,81148.00000000,81437.83000000,334.34752000
2026-05-10 20:00:00,81437.83000000,81459.66000000,80279.77000000,80734.88000000,1021.73969000
2026-05-10 21:00:00,80734.88000000,80944.44000000,80571.97000000,80720.47000000,691.73163000
2026-05-10 22:00:00,80720.47000000,82171.96000000,80666.66000000,82044.49000000,1804.86462000
2026-05-10 23:00:00,82044.49000000,82479.32000000,82044.49000000,82210.07000000,1395.68283000
2026-05-11 00:00:00,82210.07000000,82380.00000000,81280.00000000,81471.13000000,1294.00066000
2026-05-11 01:00:00,81471.13000000,81744.85000000,81291.23000000,81501.72000000,495.92379000
2026-05-11 02:00:00,81501.73000000,81572.40000000,81117.64000000,81169.08000000,491.97068000
2026-05-11 03:00:00,81169.09000000,81188.97000000,80525.00000000,80736.01000000,857.95581000
2026-05-11 04:00:00,80736.00000000,80879.12000000,80639.99000000,80824.61000000,378.47076000
2026-05-11 05:00:00,80824.61000000,80981.80000000,80761.73000000,80832.33000000,423.68877000
2026-05-11 06:00:00,80832.34000000,81049.51000000,80762.00000000,80822.86000000,296.00491000
2026-05-11 07:00:00,80822.86000000,80840.30000000,80663.11000000,80740.40000000,496.93812000
2026-05-11 08:00:00,80740.40000000,80863.42000000,80621.87000000,80767.97000000,463.92135000
2026-05-11 09:00:00,80767.97000000,80997.63000000,80758.30000000,80966.57000000,330.83757000
2026-05-11 10:00:00,80966.58000000,81200.00000000,80940.00000000,80940.00000000,488.26383000
2026-05-11 11:00:00,80940.00000000,81196.95000000,80900.00000000,81196.94000000,356.37085000
2026-05-11 12:00:00,81196.95000000,81356.46000000,81029.77000000,81054.65000000,485.89630000
2026-05-11 13:00:00,81054.65000000,81332.29000000,80739.63000000,81072.00000000,767.39683000
2026-05-11 14:00:00,81072.01000000,81252.72000000,80462.97000000,80953.38000000,767.64104000
2026-05-11 15:00:00,80953.39000000,81458.00000000,80826.02000000,81445.90000000,647.30001000
2026-05-11 16:00:00,81445.89000000,81910.35000000,81344.72000000,81575.85000000,1113.46844000
2026-05-11 17:00:00,81575.84000000,82071.77000000,81369.42000000,81941.09000000,565.28919000
2026-05-11 18:00:00,81941.09000000,82137.26000000,81836.15000000,81858.96000000,536.09834000
2026-05-11 19:00:00,81858.97000000,82091.11000000,81739.09000000,81961.99000000,458.60970000
2026-05-11 20:00:00,81961.99000000,82078.91000000,81758.50000000,81821.02000000,322.40099000
2026-05-11 21:00:00,81821.03000000,81906.35000000,81600.00000000,81821.18000000,268.82965000
2026-05-11 22:00:00,81821.18000000,81969.99000000,81729.99000000,81833.92000000,366.43361000
2026-05-11 23:00:00,81833.92000000,81833.92000000,81596.31000000,81745.65000000,278.04936000
2026-05-12 00:00:00,81745.66000000,81788.00000000,81478.75000000,81545.20000000,419.66559000
2026-05-12 01:00:00,81545.20000000,81615.67000000,80714.28000000,81199.18000000,866.00547000
2026-05-12 02:00:00,81199.18000000,81332.29000000,81087.63000000,81249.93000000,386.77691000
2026-05-12 03:00:00,81249.93000000,81294.42000000,81024.41000000,81058.80000000,187.87319000
2026-05-12 04:00:00,81058.79000000,81303.99000000,81000.00000000,81240.01000000,398.28206000
2026-05-12 05:00:00,81240.01000000,81305.24000000,81181.56000000,81224.03000000,329.93857000
2026-05-12 06:00:00,81224.04000000,81300.00000000,81010.01000000,81022.44000000,448.36294000
2026-05-12 07:00:00,81022.44000000,81137.27000000,80800.77000000,80865.40000000,603.31882000
2026-05-12 08:00:00,80865.40000000,80964.13000000,80760.53000000,80843.31000000,478.61372000
2026-05-12 09:00:00,80843.30000000,80963.35000000,80720.00000000,80837.15000000,506.71585000
2026-05-12 10:00:00,80837.15000000,80848.27000000,80601.27000000,80666.37000000,487.71377000
2026-05-12 11:00:00,80666.38000000,80785.38000000,80496.57000000,80784.87000000,500.02112000
2026-05-12 12:00:00,80784.86000000,80999.00000000,80619.19000000,80881.26000000,585.87948000
2026-05-12 13:00:00,80881.25000000,80928.26000000,80397.07000000,80466.91000000,795.94705000
2026-05-12 14:00:00,80466.91000000,80888.01000000,80397.88000000,80540.00000000,865.59094000
2026-05-12 15:00:00,80540.00000000,80676.78000000,80188.65000000,80336.01000000,958.32005000
2026-05-12 16:00:00,80336.01000000,80435.99000000,79843.59000000,80000.01000000,1473.45450000
2026-05-12 17:00:00,80000.01000000,80593.06000000,79951.05000000,80527.69000000,486.64257000
2026-05-12 18:00:00,80527.69000000,80763.81000000,80430.00000000,80679.12000000,367.35810000
2026-05-12 19:00:00,80679.11000000,80874.42000000,80679.11000000,80834.64000000,346.22158000
2026-05-12 20:00:00,80835.30000000,80896.25000000,80642.85000000,80696.87000000,292.49967000
2026-05-12 21:00:00,80696.87000000,80738.00000000,80497.00000000,80587.44000000,202.53849000
2026-05-12 22:00:00,80587.45000000,80791.94000000,80587.45000000,80656.43000000,151.10909000
2026-05-12 23:00:00,80656.44000000,80714.00000000,80439.91000000,80504.47000000,247.40723000
2026-05-13 00:00:00,80504.47000000,80768.95000000,80412.15000000,80718.00000000,230.81443000
2026-05-13 01:00:00,80718.00000000,81195.69000000,80683.12000000,81006.00000000,633.76198000
2026-05-13 02:00:00,81005.99000000,81281.66000000,80934.69000000,81050.00000000,333.93602000
2026-05-13 03:00:00,81050.00000000,81299.99000000,80976.27000000,81249.99000000,377.40594000
2026-05-13 04:00:00,81249.99000000,81281.07000000,81124.87000000,81231.96000000,253.70329000
2026-05-13 05:00:00,81231.96000000,81247.22000000,80999.99000000,81019.99000000,266.87053000
2026-05-13 06:00:00,81020.00000000,81160.36000000,80972.94000000,80980.05000000,499.16530000
2026-05-13 07:00:00,80980.06000000,81049.01000000,80889.12000000,81026.92000000,476.02435000
2026-05-13 08:00:00,81026.92000000,81200.00000000,80943.63000000,81196.57000000,372.92514000
2026-05-13 09:00:00,81196.57000000,81324.64000000,81137.77000000,81291.38000000,435.50222000
2026-05-13 10:00:00,81291.37000000,81298.50000000,80809.01000000,80809.01000000,364.76288000
2026-05-13 11:00:00,80809.01000000,80843.87000000,80494.98000000,80501.22000000,668.09274000
2026-05-13 12:00:00,80501.22000000,80592.65000000,79852.00000000,80202.78000000,1194.36751000
2026-05-13 13:00:00,80202.78000000,80345.45000000,79576.47000000,79656.01000000,1205.27854000
2026-05-13 14:00:00,79656.01000000,79898.00000000,79481.56000000,79756.01000000,942.38578000
2026-05-13 15:00:00,79756.02000000,79856.08000000,78807.22000000,78827.21000000,1731.43058000
2026-05-13 16:00:00,78827.21000000,79222.22000000,78754.65000000,79108.39000000,1522.11383000
2026-05-13 17:00:00,79108.39000000,79556.36000000,79100.00000000,79514.97000000,611.40519000
2026-05-13 18:00:00,79514.97000000,79800.00000000,79514.97000000,79598.15000000,747.58594000
2026-05-13 19:00:00,79598.15000000,79646.29000000,79400.00000000,79642.41000000,463.49581000
2026-05-13 20:00:00,79642.41000000,79760.00000000,79622.70000000,79698.95000000,225.22286000
2026-05-13 21:00:00,79698.95000000,79705.73000000,79340.39000000,79398.54000000,418.00056000
2026-05-13 22:00:00,79398.54000000,79470.00000000,79228.00000000,79428.46000000,338.28664000
2026-05-13 23:00:00,79428.46000000,79499.01000000,79233.83000000,79313.61000000,497.51837000
2026-05-14 00:00:00,79313.61000000,79681.73000000,79308.00000000,79580.00000000,443.66772000
2026-05-14 01:00:00,79580.00000000,79681.73000000,79409.42000000,79604.60000000,369.48629000
2026-05-14 02:00:00,79604.61000000,79676.11000000,79222.22000000,79370.24000000,684.03959000
2026-05-14 03:00:00,79370.24000000,79460.00000000,78922.00000000,79044.85000000,712.36112000
2026-05-14 04:00:00,79044.86000000,79474.41000000,78982.06000000,79451.63000000,437.35487000
2026-05-14 05:00:00,79451.62000000,79998.00000000,79359.49000000,79809.16000000,850.16622000
2026-05-14 06:00:00,79809.15000000,79953.35000000,79769.12000000,79804.71000000,301.13354000
2026-05-14 07:00:00,79804.72000000,79937.59000000,79702.05000000,79745.98000000,480.32483000
2026-05-14 08:00:00,79745.99000000,79936.98000000,79644.44000000,79821.56000000,652.77033000
2026-05-14 09:00:00,79821.55000000,79905.99000000,79569.81000000,79635.52000000,445.75367000
2026-05-14 10:00:00,79635.53000000,79756.98000000,79409.42000000,79570.01000000,384.95969000
2026-05-14 11:00:00,79570.01000000,79600.00000000,79234.00000000,79258.27000000,362.97846000
2026-05-14 12:00:00,79258.27000000,79775.02000000,79230.31000000,79767.11000000,526.41242000
2026-05-14 13:00:00,79767.10000000,80059.71000000,79670.88000000,79701.73000000,1000.54213000
2026-05-14 14:00:00,79701.73000000,81020.00000000,79561.52000000,80964.85000000,1882.78042000
2026-05-14 15:00:00,80964.84000000,81332.23000000,80816.08000000,81301.23000000,2292.36231000
2026-05-14 16:00:00,81301.22000000,81904.44000000,81080.25000000,81888.40000000,2732.81932000
2026-05-14 17:00:00,81888.40000000,82048.13000000,81271.00000000,81668.48000000,1967.47911000
2026-05-14 18:00:00,81668.49000000,81949.15000000,81440.38000000,81581.99000000,1012.79720000
2026-05-14 19:00:00,81582.00000000,81718.73000000,81330.12000000,81419.74000000,566.84044000
2026-05-14 20:00:00,81419.75000000,81590.19000000,81166.22000000,81412.04000000,471.62836000
2026-05-14 21:00:00,81412.05000000,81526.08000000,81268.38000000,81396.61000000,292.07185000
2026-05-14 22:00:00,81396.61000000,81559.71000000,81335.48000000,81456.00000000,322.84736000
2026-05-14 23:00:00,81456.00000000,81456.00000000,81059.93000000,81089.99000000,534.29082000
2026-05-15 00:00:00,81090.00000000,81664.45000000,81068.52000000,81518.67000000,578.54980000
2026-05-15 01:00:00,81518.66000000,81612.73000000,81106.20000000,81131.01000000,538.82284000
2026-05-15 02:00:00,81131.00000000,81350.00000000,80750.00000000,81299.14000000,829.40160000
2026-05-15 03:00:00,81299.14000000,81340.81000000,80930.82000000,81059.15000000,506.95135000
2026-05-15 04:00:00,81059.15000000,81100.00000000,80709.09000000,80724.71000000,367.57246000
2026-05-15 05:00:00,80724.71000000,80882.45000000,80314.00000000,80360.01000000,1029.21412000
2026-05-15 06:00:00,80360.01000000,80644.50000000,80314.01000000,80580.00000000,815.53271000
2026-05-15 07:00:00,80580.00000000,81003.37000000,80559.88000000,80814.88000000,878.78211000
2026-05-15 08:00:00,80814.88000000,80822.95000000,80415.84000000,80638.00000000,538.63644000
2026-05-15 09:00:00,80638.00000000,80670.51000000,80369.00000000,80489.80000000,471.66166000
2026-05-15 10:00:00,80489.81000000,80776.33000000,80407.60000000,80716.23000000,444.96934000
2026-05-15 11:00:00,80716.22000000,80750.56000000,80590.08000000,80628.53000000,250.99223000
2026-05-15 12:00:00,80628.52000000,80635.44000000,80340.83000000,80385.11000000,535.00082000
2026-05-15 13:00:00,80385.10000000,80385.11000000,78698.69000000,78758.59000000,3101.88518000
2026-05-15 14:00:00,78758.59000000,79353.32000000,78659.00000000,79150.37000000,1965.21031000
2026-05-15 15:00:00,79150.36000000,79369.36000000,79013.81000000,79150.27000000,606.47310000
2026-05-15 16:00:00,79150.26000000,79382.30000000,79131.01000000,79294.31000000,514.78679000
2026-05-15 17:00:00,79294.31000000,79504.83000000,79224.00000000,79460.00000000,478.80422000
2026-05-15 18:00:00,79460.00000000,79561.94000000,79170.47000000,79284.00000000,544.01093000
2026-05-15 19:00:00,79284.01000000,79290.00000000,79051.00000000,79146.50000000,421.75884000
2026-05-15 20:00:00,79146.50000000,79217.07000000,79000.00000000,79123.12000000,224.44355000
2026-05-15 21:00:00,79123.13000000,79200.00000000,78911.42000000,78973.50000000,682.32127000
2026-05-15 22:00:00,78973.50000000,79145.44000000,78973.49000000,79107.38000000,347.86808000
2026-05-15 23:00:00,79107.38000000,79161.86000000,79077.96000000,79113.21000000,677.62104000
2026-05-16 00:00:00,79113.20000000,79227.77000000,79075.09000000,79111.92000000,314.01240000
2026-05-16 01:00:00,79111.92000000,79186.05000000,79010.00000000,79168.00000000,357.20294000
2026-05-16 02:00:00,79168.00000000,79211.77000000,79080.10000000,79155.54000000,208.30505000
2026-05-16 03:00:00,79155.55000000,79187.71000000,79059.77000000,79083.18000000,368.66241000
2026-05-16 04:00:00,79083.19000000,79129.71000000,78860.00000000,79035.26000000,321.76822000
2026-05-16 05:00:00,79035.25000000,79039.49000000,78933.63000000,79027.37000000,183.05543000
2026-05-16 06:00:00,79027.36000000,79047.94000000,78459.87000000,78648.00000000,632.26156000
2026-05-16 07:00:00,78648.00000000,78651.63000000,78066.00000000,78369.77000000,1267.74437000
2026-05-16 08:00:00,78369.78000000,78530.52000000,78334.21000000,78426.56000000,379.04319000
2026-05-16 09:00:00,78426.55000000,78440.81000000,77906.10000000,78083.48000000,1104.43110000
2026-05-16 10:00:00,78083.47000000,78101.43000000,77640.00000000,77960.00000000,1759.70594000
2026-05-16 11:00:00,77959.99000000,78193.88000000,77959.99000000,78081.71000000,602.91980000
2026-05-16 12:00:00,78080.46000000,78133.38000000,77918.62000000,78007.23000000,791.53177000
2026-05-16 13:00:00,78007.24000000,78014.60000000,77833.40000000,78014.60000000,830.86287000
2026-05-16 14:00:00,78014.60000000,78346.00000000,77895.20000000,78130.55000000,729.04785000
2026-05-16 15:00:00,78130.55000000,78285.00000000,78078.22000000,78238.67000000,332.91477000
2026-05-16 16:00:00,78238.68000000,78364.65000000,78119.72000000,78205.96000000,328.10255000
2026-05-16 17:00:00,78205.96000000,78320.41000000,78199.00000000,78201.50000000,350.20669000
2026-05-16 18:00:00,78201.50000000,78327.75000000,78142.99000000,78229.81000000,310.63405000
2026-05-16 19:00:00,78229.82000000,78314.69000000,78204.22000000,78259.66000000,271.10252000
2026-05-16 20:00:00,78259.67000000,78318.94000000,78201.42000000,78261.00000000,194.34290000
2026-05-16 21:00:00,78261.00000000,78308.33000000,78206.85000000,78265.73000000,237.27188000
2026-05-16 22:00:00,78265.73000000,78279.28000000,78171.02000000,78186.25000000,128.79242000
2026-05-16 23:00:00,78186.25000000,78267.46000000,78125.32000000,78148.05000000,128.93924000
2026-05-17 00:00:00,78148.05000000,78243.19000000,77812.00000000,77945.85000000,311.59646000
2026-05-17 01:00:00,77945.85000000,78114.00000000,77721.19000000,77725.71000000,516.53667000
2026-05-17 02:00:00,77725.72000000,77938.00000000,77725.71000000,77895.51000000,256.64293000
2026-05-17 03:00:00,77895.50000000,78079.30000000,77888.00000000,78028.88000000,200.15322000
2026-05-17 04:00:00,78028.88000000,78203.93000000,78003.35000000,78158.09000000,375.99093000
2026-05-17 05:00:00,78158.08000000,78323.96000000,78102.42000000,78121.41000000,258.98839000
2026-05-17 06:00:00,78121.41000000,78204.01000000,78017.00000000,78104.80000000,136.86954000
2026-05-17 07:00:00,78104.79000000,78208.69000000,78053.79000000,78180.01000000,180.24659000
2026-05-17 08:00:00,78180.00000000,78200.91000000,78033.01000000,78089.80000000,117.37418000
2026-05-17 09:00:00,78089.80000000,78293.97000000,78073.52000000,78249.33000000,196.43485000
2026-05-17 10:00:00,78249.33000000,78599.99000000,78249.03000000,78465.99000000,564.92985000
2026-05-17 11:00:00,78465.99000000,78473.82000000,78289.00000000,78415.99000000,257.44450000
2026-05-17 12:00:00,78415.99000000,78550.00000000,78333.80000000,78364.83000000,254.43689000
2026-05-17 13:00:00,78364.83000000,78364.83000000,78173.15000000,78202.91000000,260.27625000
2026-05-17 14:00:00,78202.91000000,78217.33000000,77850.00000000,78051.51000000,397.56893000
2026-05-17 15:00:00,78051.51000000,78119.42000000,77920.76000000,78051.41000000,203.63392000
2026-05-17 16:00:00,78051.42000000,78193.66000000,78025.23000000,78034.36000000,142.87987000
2026-05-17 17:00:00,78034.37000000,78092.44000000,77856.69000000,78089.98000000,296.43890000
2026-05-17 18:00:00,78089.99000000,78271.59000000,78014.33000000,78268.05000000,172.43416000
2026-05-17 19:00:00,78268.04000000,78468.46000000,78209.96000000,78415.30000000,225.32283000
2026-05-17 20:00:00,78415.29000000,78435.32000000,78248.80000000,78277.36000000,205.39109000
2026-05-17 21:00:00,78277.36000000,78485.36000000,78243.50000000,78405.72000000,293.90051000
2026-05-17 22:00:00,78405.72000000,78414.16000000,77830.00000000,77997.24000000,585.78673000
2026-05-17 23:00:00,77997.24000000,78008.18000000,76735.16000000,77457.67000000,2031.42401000
2026-05-18 00:00:00,77457.67000000,77477.99000000,76916.60000000,77209.95000000,1062.83033000
2026-05-18 01:00:00,77209.95000000,77291.54000000,76744.95000000,77109.22000000,771.47833000
2026-05-18 02:00:00,77109.21000000,77222.03000000,76707.61000000,76835.41000000,544.67309000
2026-05-18 03:00:00,76835.41000000,77030.42000000,76817.14000000,76924.65000000,509.02980000
2026-05-18 04:00:00,76924.66000000,77069.77000000,76772.01000000,77038.49000000,354.48166000
2026-05-18 05:00:00,77038.49000000,77080.93000000,76884.33000000,76931.40000000,586.83852000
2026-05-18 06:00:00,76931.40000000,76967.80000000,76583.33000000,76912.52000000,621.71728000
2026-05-18 07:00:00,76912.53000000,77089.29000000,76771.53000000,77073.69000000,1139.62980000
2026-05-18 08:00:00,77073.69000000,77181.88000000,76890.34000000,77040.42000000,562.21651000
2026-05-18 09:00:00,77040.43000000,77048.14000000,76877.17000000,76933.16000000,365.74952000
2026-05-18 10:00:00,76933.17000000,76957.35000000,76716.99000000,76764.74000000,432.20236000
2026-05-18 11:00:00,76764.75000000,77403.48000000,76668.58000000,77285.83000000,692.38548000
2026-05-18 12:00:00,77285.83000000,77800.00000000,77275.96000000,77639.98000000,980.76582000
2026-05-18 13:00:00,77639.99000000,77639.99000000,76695.31000000,76937.70000000,1116.56330000
2026-05-18 14:00:00,76937.70000000,76954.25000000,76230.02000000,76393.65000000,2158.59337000
2026-05-18 15:00:00,76393.66000000,76485.29000000,76051.00000000,76409.46000000,1960.17489000
2026-05-18 16:00:00,76409.46000000,76665.68000000,76218.00000000,76410.01000000,1252.93830000
2026-05-18 17:00:00,76410.00000000,76757.21000000,76366.13000000,76706.39000000,450.87486000
2026-05-18 18:00:00,76706.38000000,76706.38000000,76144.24000000,76252.50000000,779.57136000
2026-05-18 19:00:00,76252.01000000,76995.00000000,76235.00000000,76928.00000000,812.47229000
2026-05-18 20:00:00,76928.00000000,77182.14000000,76874.73000000,76909.92000000,463.85785000
2026-05-18 21:00:00,76909.92000000,77174.23000000,76800.00000000,77103.05000000,491.73560000
2026-05-18 22:00:00,77103.04000000,77222.79000000,76937.19000000,77078.22000000,359.68174000
2026-05-18 23:00:00,77078.22000000,77160.79000000,76948.80000000,77001.87000000,275.05472000
2026-05-19 00:00:00,77001.88000000,77414.62000000,76955.99000000,77140.87000000,556.43712000
2026-05-19 01:00:00,77140.86000000,77156.20000000,76667.00000000,76667.01000000,769.46148000
2026-05-19 02:00:00,76667.01000000,76997.33000000,76487.83000000,76617.47000000,469.02583000
2026-05-19 03:00:00,76617.46000000,76867.23000000,76586.11000000,76787.11000000,211.83571000
2026-05-19 04:00:00,76787.10000000,76943.75000000,76700.00000000,76927.25000000,239.72033000
2026-05-19 05:00:00,76927.25000000,77000.00000000,76644.98000000,76911.24000000,392.43215000
2026-05-19 06:00:00,76911.25000000,77108.68000000,76886.13000000,77029.40000000,386.11356000
2026-05-19 07:00:00,77029.41000000,77278.57000000,76974.72000000,77233.69000000,490.19350000
2026-05-19 08:00:00,77233.68000000,77317.02000000,76972.96000000,77048.71000000,465.92336000
2026-05-19 09:00:00,77048.72000000,77074.05000000,76709.29000000,76818.80000000,385.08727000
2026-05-19 10:00:00,76818.80000000,77103.97000000,76704.00000000,77041.87000000,464.38738000
2026-05-19 11:00:00,77041.87000000,77076.53000000,76633.83000000,76714.62000000,430.29111000
2026-05-19 12:00:00,76714.61000000,76982.89000000,76650.06000000,76940.21000000,257.11004000
2026-05-19 13:00:00,76940.20000000,77048.72000000,76596.00000000,76872.75000000,906.63403000
2026-05-19 14:00:00,76872.74000000,77023.75000000,76144.71000000,76392.43000000,1426.24149000
2026-05-19 15:00:00,76392.43000000,76675.76000000,76337.97000000,76521.23000000,773.78391000
2026-05-19 16:00:00,76521.24000000,76911.00000000,76407.72000000,76894.59000000,568.91388000
2026-05-19 17:00:00,76894.59000000,77015.41000000,76759.39000000,76856.76000000,442.15826000
2026-05-19 18:00:00,76856.76000000,76947.20000000,76744.80000000,76803.28000000,282.19478000
2026-05-19 19:00:00,76803.28000000,77065.80000000,76765.14000000,76818.74000000,341.73224000
2026-05-19 20:00:00,76818.73000000,77040.24000000,76818.73000000,77022.23000000,147.68289000
2026-05-19 21:00:00,77022.22000000,77040.83000000,76973.76000000,76982.34000000,185.29058000
2026-05-19 22:00:00,76982.34000000,76982.34000000,76642.95000000,76712.21000000,233.07768000
2026-05-19 23:00:00,76712.22000000,76980.07000000,76670.52000000,76834.36000000,199.13120000
2026-05-20 00:00:00,76834.36000000,76896.50000000,76516.74000000,76788.83000000,236.25061000
2026-05-20 01:00:00,76788.83000000,76922.46000000,76536.59000000,76820.98000000,358.53384000
2026-05-20 02:00:00,76820.98000000,76909.62000000,76600.00000000,76690.42000000,293.25018000
2026-05-20 03:00:00,76690.42000000,76829.61000000,76604.99000000,76723.54000000,673.76637000
2026-05-20 04:00:00,76723.55000000,76836.82000000,76692.00000000,76780.37000000,365.31048000
2026-05-20 05:00:00,76780.37000000,77320.00000000,76780.37000000,77196.99000000,973.23466000
2026-05-20 06:00:00,77196.99000000,77422.00000000,77179.93000000,77414.11000000,528.12463000
2026-05-20 07:00:00,77414.10000000,77472.21000000,77241.13000000,77282.64000000,351.42212000
2026-05-20 08:00:00,77282.65000000,77635.52000000,77210.33000000,77458.04000000,548.89961000
2026-05-20 09:00:00,77458.05000000,77543.59000000,77365.94000000,77485.13000000,360.90275000
2026-05-20 10:00:00,77485.14000000,77663.00000000,77485.14000000,77517.45000000,409.79863000
2026-05-20 11:00:00,77517.46000000,77569.10000000,77328.20000000,77382.49000000,362.81092000
2026-05-20 12:00:00,77382.50000000,77748.05000000,77365.52000000,77617.26000000,377.41047000
2026-05-20 13:00:00,77617.26000000,77650.62000000,76968.05000000,77204.61000000,682.21238000
2026-05-20 14:00:00,77204.61000000,77574.29000000,76891.61000000,77446.08000000,1202.39421000
2026-05-20 15:00:00,77446.01000000,77853.04000000,77300.00000000,77455.46000000,777.75101000
2026-05-20 16:00:00,77455.45000000,77557.00000000,77018.38000000,77338.60000000,407.46410000
2026-05-20 17:00:00,77338.60000000,77713.66000000,77230.86000000,77568.95000000,501.34929000
2026-05-20 18:00:00,77568.95000000,77634.52000000,77398.63000000,77415.09000000,414.50917000
2026-05-20 19:00:00,77415.09000000,77709.68000000,77350.71000000,77667.49000000,388.96569000
2026-05-20 20:00:00,77667.49000000,77760.00000000,77476.19000000,77720.01000000,357.71030000
2026-05-20 21:00:00,77720.01000000,77766.60000000,77500.00000000,77500.01000000,158.00627000
2026-05-20 22:00:00,77500.01000000,77504.69000000,77226.61000000,77504.69000000,367.95652000
2026-05-20 23:00:00,77504.69000000,77559.34000000,77386.93000000,77552.23000000,198.22886000
2026-05-21 00:00:00,77552.24000000,78071.42000000,77525.00000000,77967.09000000,547.83434000
2026-05-21 01:00:00,77967.09000000,78173.15000000,77800.00000000,77863.85000000,453.71737000
2026-05-21 02:00:00,77863.85000000,78100.00000000,77820.10000000,77955.78000000,820.79860000
2026-05-21 03:00:00,77955.78000000,78098.85000000,77908.00000000,78078.72000000,441.60659000
2026-05-21 04:00:00,78078.72000000,78180.01000000,77965.36000000,78035.80000000,365.79347000
2026-05-21 05:00:00,78035.80000000,78147.07000000,77714.94000000,77828.00000000,390.37362000
2026-05-21 06:00:00,77828.00000000,77873.15000000,77533.45000000,77622.14000000,317.41875000
2026-05-21 07:00:00,77622.14000000,77901.06000000,77521.00000000,77889.01000000,380.50650000
2026-05-21 08:00:00,77889.01000000,78200.00000000,77885.53000000,77924.63000000,493.47370000
2026-05-21 09:00:00,77924.63000000,77977.53000000,77633.02000000,77633.02000000,277.92731000
2026-05-21 10:00:00,77633.03000000,77678.01000000,77190.09000000,77198.08000000,783.43483000
2026-05-21 11:00:00,77198.09000000,77372.00000000,77147.15000000,77189.10000000,380.03818000
2026-05-21 12:00:00,77189.10000000,77363.32000000,77080.72000000,77278.53000000,382.67307000
2026-05-21 13:00:00,77278.52000000,77358.05000000,76719.47000000,77122.68000000,862.17497000
2026-05-21 14:00:00,77122.67000000,77240.82000000,76788.80000000,76984.61000000,697.95187000
2026-05-21 15:00:00,76984.61000000,77402.12000000,76900.00000000,77259.46000000,411.10449000
2026-05-21 16:00:00,77259.45000000,77344.01000000,77008.75000000,77207.93000000,404.33559000
2026-05-21 17:00:00,77207.92000000,78098.16000000,77181.83000000,77869.38000000,1291.96294000
2026-05-21 18:00:00,77869.38000000,77922.01000000,77230.00000000,77387.74000000,559.91554000
2026-05-21 19:00:00,77387.74000000,77543.37000000,77365.97000000,77543.37000000,94.23267000
